{
	"partitions" : [
		{
			"name" : "Top",
			"pins" : [
				{
					"name" : "led_indicator",
					"strict" : false
				},
				{
					"name" : "hex1[0]",
					"strict" : false
				},
				{
					"name" : "hex1[1]",
					"strict" : false
				},
				{
					"name" : "hex1[2]",
					"strict" : false
				},
				{
					"name" : "hex1[3]",
					"strict" : false
				},
				{
					"name" : "hex1[4]",
					"strict" : false
				},
				{
					"name" : "hex1[5]",
					"strict" : false
				},
				{
					"name" : "hex1[6]",
					"strict" : false
				},
				{
					"name" : "hex0[0]",
					"strict" : false
				},
				{
					"name" : "hex0[1]",
					"strict" : false
				},
				{
					"name" : "hex0[2]",
					"strict" : false
				},
				{
					"name" : "hex0[3]",
					"strict" : false
				},
				{
					"name" : "hex0[4]",
					"strict" : false
				},
				{
					"name" : "hex0[5]",
					"strict" : false
				},
				{
					"name" : "hex0[6]",
					"strict" : false
				},
				{
					"name" : "tx_output",
					"strict" : false
				},
				{
					"name" : "clk",
					"strict" : false
				},
				{
					"name" : "PARITET_OP",
					"strict" : false
				},
				{
					"name" : "rx_input",
					"strict" : false
				},
				{
					"name" : "rst_n",
					"strict" : false
				},
				{
					"name" : "PARITET",
					"strict" : false
				},
				{
					"name" : "button_n",
					"strict" : false
				}
			]
		}
	]
}